النوع,التصنيف,اسم الكتاب,المؤلف/المحقق,ملاحظات
كتاب مستبعد,أصول التفسير,أصول التفسير ومناهجه,فهد الرومي,
كتاب مستبعد,أصول التفسير,التحرير في أصول التفسير,مساعد الطيار,
كتاب مستبعد,أصول التفسير,تفسير القرآن الكريم: أصوله وضوابطه,علي العبيد,
كتاب مستبعد,أصول التفسير,التحرير في أصول التفسير,طه عابدين,
كتاب مستبعد,أصول التفسير,مفهوم تفسير القرآن الكريم أصوله وضوابطه,علي العبيد,
كتاب مستبعد,أصول التفسير,شرح مقدمة في أصول التفسير لابن تيمية,مساعد الطيار,أتيح مؤخرًا
كتاب مستبعد,أصول التفسير,معالم في أصول التفسير,ناصر بن محمد المنيع,
كتاب مستبعد,أصول التفسير,التفسير والتأويل والاستنباط والتدبر والمفسر,مساعد الطيار,
كتاب مستبعد,أصول التفسير,التفسير والتأويل في القرآن,صلاح الدين الخالدي,
كتاب مستبعد,أصول التفسير,مقالات في علوم القرآن وأصول التفسير,مساعد الطيار,
كتاب مستبعد,قواعد التفسير,قواعد التفسير,خالد السبت,
كتاب مستبعد,قواعد التفسير,قواعد الترجيح عند المفسرين,حسين الحربي,
كتاب مستبعد,مناهج المفسرين,اتجاهات التفسير في القرن الرابع عشر,فهد الرومي,
كتاب مستبعد,مناهج المفسرين,اتجاهات التفسير في العصر الراهن,عبدالمجيد المحتسب,
كتاب مستبعد,مناهج المفسرين,الشيعة الاثنا عشرية ومنهجهم في تفسير القرآن الكريم,محمد العسال,
كتاب مستبعد,مناهج المفسرين,التفسير في الأندلس,مصطفى المشني,
كتاب مستبعد,مناهج المفسرين,التفسير والمفسرون ببلاد شنقيط,محمد سيدي مولاي,
كتاب مستبعد,مناهج المفسرين,التفسير والمفسرون أساسياته واتجاهاته ومناهجه في العصر الحديث,فضل حسن عباس,
كتاب مستبعد,مناهج المفسرين,تعريف الدارسين بمناهج المفسرين,صلاح الدين الخالدي,
كتاب مستبعد,مناهج المفسرين,القراءات المعاصرة للقرآن الكريم في ضوء ضوابط التفسير,محمد كالو,
كتاب مستبعد,مناهج المفسرين,الاتجاه العلماني المعاصر في علوم القرآن دراسة ونقد,أحمد الفاضل,
كتاب مستبعد,مناهج المفسرين,التيار العلماني الحديث وموقفه من تفسير القرآن الكريم,منى محمد بهي الدين الشافعي,
كتاب مستبعد,مناهج المفسرين,نظرات في القراءة المعاصرة للقرآن الكريم في دول المغرب العربي,محمد زين العابدين رستم,
كتاب مستبعد,مناهج المفسرين,مقالات من نقل من تفسير بقي بن مخلد,مساعد الطيار,
كتاب مستبعد,مناهج المفسرين,مقالات ملخص في منهج ابن جرير الطبري,مساعد الطيار,
كتاب مستبعد,مناهج المفسرين,لمحات عن المدونات الأولى في التفسير,عبدالرزاق هرماس,
كتاب مستبعد,مناهج المفسرين,موسوعة التفسير بالمأثور,,
كتاب مستبعد,مناهج المفسرين,القول المحرر في ترجمة أبي صالح باذام,حاتم العوني,
كتاب مستبعد,التفسير,التفسير المنير في العقيدة والشريعة,وهبة الزحيلي,
كتاب مستبعد,التفسير,مدخل إلى التفسير الموضوعي,إبراهيم الحميضي,
كتاب مستبعد,التفسير,المدخل إلى التفسير الموضوعي,عبدالستار فتح الله سعيد,
كتاب مستبعد,التفسير,مباحث في التفسير الموضوعي,مصطفى مسلم,
كتاب مستبعد,التفسير,دراسات في التفسير الموضوعي,صلاح الخالدي,
كتاب مستبعد,التفسير,السنن الإلهية في القرآن الكريم,عبدالكريم زيدان,
كتاب مستبعد,التفسير,التفسير الموضوعي تأصيل وتمثيل,زيد عمر العيص,
كتاب مستبعد,التفسير,موسوعة التفسير الموضوعي بجامعة الشارقة,,
كتاب مستبعد,التفسير,موسوعة التفسير الموضوعي - مركز تفسير للدراسات القرآنية,,
كتاب مستبعد,التفسير,التفسير الموضوعي بين النظرية والتطبيق,صلاح الدين الخالدي,
كتاب مستبعد,التفسير,التفسير الموضوعي للقرآن الكريم,أحمد سيد الكومي,أتيح مؤخرًا
كتاب مستبعد,التجديد في التفسير,منهج التجديد في الدراسات التفسيرية مقترحات وتجارب,عبد الله,
كتاب مستبعد,التجديد في التفسير,التجديد في التفسير في العصر الحديث,دلال كويران السلمي,
كتاب مستبعد,التجديد في التفسير,اتجاهات التجديد في تفسير القرآن في مصر في القرن العشرين,محمد إبراهيم شريف,
كتاب مستبعد,التجديد في التفسير,التجديد في التفسير نظرة في المفهوم والضوابط,عثمان عبدالرحيم,
كتاب مستبعد,التجديد في التفسير,التجديد المنهجي في تفسير القرآن الكريم,محمد بن عمر,
كتاب مستبعد,التجديد في التفسير,التجديد في تفسير القرآن,أحمد الشرقاوي,
كتاب مستبعد,التجديد في التفسير,المجددون في تفسير كتاب الله,حسنين السعيد حسنين,
كتاب مستبعد,أسانيد التفسير,التقرير في أسانيد التفسير,عبدالعزيز الطريفي,
كتاب مستبعد,أسانيد التفسير,أسانيد نسخ التفسير والأسانيد المتكررة,عطية الفقيه,
كتاب مستبعد,أسانيد التفسير,المحدثين في نقد مرويات التفسير,محمد صالح سليمان,
كتاب مستبعد,أسانيد التفسير,صحيفة علي بن أبي طلحة عن ابن عباس (مقال),مساعد الطيار,
كتاب مستبعد,أسانيد التفسير,مقالات تفسير يحي بن سلام,مساعد الطيار,
كتاب مستبعد,أسانيد التفسير,مقالات كلام ابن أبي حاتم عن أسانيد التفسير,مساعد الطيار,
كتاب مستبعد,علوم القرآن,دراسات في علوم القرآن,فهد الرومي,
كتاب مستبعد,علوم القرآن,مباحث في علوم القرآن,مناع القطان,
كتاب مستبعد,علوم القرآن,المحرر في علوم القرآن,مساعد الطيار,
كتاب مستبعد,علوم القرآن,النسخ في القرآن,مصطفى زيد,
كتاب مستبعد,علوم القرآن,المقدمات الأساسية في علوم القرآن,عبد الله بن يوسف الجديع,
كتاب مستبعد,علوم القرآن,جمال القراء في آداب أهل القرآن,إبراهيم الحميضي,
كتاب مستبعد,إعجاز القرآن,نقد دعوى الإعجاز العددي في القرآن الكريم,إبراهيم الحميضي,
كتاب مستبعد,إعجاز القرآن,إعجاز القرآن بين ابن تيمية والباقلاني,محمد العواجي,
كتاب مستبعد,إعجاز القرآن,مباحث في إعجاز القرآن الكريم,مصطفى مسلم,
كتاب مستبعد,إعجاز القرآن,المعجزة والإعجاز في القرآن الكريم,سعد الدين صالح,
كتاب مستبعد,إعجاز القرآن,كتاب الظاهرة القرآنية,مالك بن نبي,أتيح مؤخرًا
كتاب مستبعد,إعجاز القرآن,البيان في إعجاز القرآن,صلاح عبد الفتاح الخالدي,
كتاب مستبعد,إعجاز القرآن,الإعجاز العلمي في القرآن والسنة تاريخه وضوابطه,عبد الله المصلح,
كتاب مستبعد,إعجاز القرآن,الإعجاز العلمي إلى أين؟,مساعد بن سليمان الطيار,
كتاب مستبعد,مشكل القرآن,تأويل ثلاث آيات متشابهات آيات الصابئين,أحمد فرحات,
كتاب مستبعد,مشكل القرآن,تأويل آية النساء، دراسات في مشكل القرآن,أحمد فرحات,
كتاب مستبعد,مشكل القرآن,تأويل آية الزخرف دراسات في مشكل القرآن,أحمد فرحات,
كتاب مستبعد,القراءات,صفحات في علوم القراءات,عبدالقيوم السندي,
كتاب مستبعد,القراءات,القراءات القرآنية: تاريخ وتعريف,عبدالهادي الفضلي,
كتاب مستبعد,القراءات,القراءات القرآنية تاريخها، ثبوتها، حجيتها، وأحكامها,عبد الحليم بن محمد قابه,
كتاب مستبعد,القراءات,علم القراءات: نشأته أطواره وأثره في العلوم الشرعية,نبيل آل إسماعيل,
كتاب مستبعد,توجيه القراءات,توجيه مشكل القراءات العشرية الفرشية لغةً وتفسيرًا وإعرابًا,عبدالعزيز الحربي,
كتاب مستبعد,توجيه القراءات,القراءات وأثرها في التفسير والأحكام,محمد عمر بازمول,
كتاب مستبعد,توجيه القراءات,التوجيه البلاغي للقراءات القرآنية,أحمد سعد محمد,
كتاب مستبعد,توجيه القراءات,الفروق اللغوية وأثرها في تفسير القرآن الكريم,محمد عبد الرحمن الشايع,
كتاب مستبعد,المصاحف والرسم والأحرف,المصحف الشريف المنسوب إلى عثمان بن عفان (دراسة وتحقيق),تحقيق: طيار آلتي قولاج,مرجع رئيس
كتاب مستبعد,المصاحف والرسم والأحرف,المصاحف الأولى دراسة وتقديم لأقدم المصاحف التي وصلتنا,تحقيق: طيار آلتي قولاج,مرجع رئيس
كتاب مستبعد,المصاحف والرسم والأحرف,مدخل إلى التعريف بالمصحف الشريف,حازم سعيد حيدر,
كتاب مستبعد,المصاحف والرسم والأحرف,ظواهر الرَّسم في مصحف جامع الحسين في القاهرة,إياد سالم صالح السامرائي,
كتاب مستبعد,المصاحف والرسم والأحرف,حديث الأحرف السبعة,عبد العزيز القارئ,أتيح مؤخرًا
كتاب مستبعد,المصاحف والرسم والأحرف,الميسر في علم رسم المصحف وضبطه,غانم قدوري الحمد,
كتاب مستبعد,المصاحف والرسم والأحرف,رسم المصحف دراسة لغوية تاريخية,غانم قدوري الحمد,
كتاب مستبعد,الحداثيون والمستشرقون,دعاوى الطاعنين في القرآن الكريم في القرن الرابع عشر الهجري والرد عليها,عبدالمحسن المطيري,
كتاب مستبعد,الحداثيون والمستشرقون,آراء المستشرقين حول القرآن وتفسيره,عمر بن إبراهيم رضوان,
كتاب مستبعد,الحداثيون والمستشرقون,رد افتراءات المبشرين على آيات القرآن الكريم,محمد جمعة عبد الله,
كتاب مستبعد,الحداثيون والمستشرقون,موقف المدرسة العقلية المعاصرة من علوم القرآن وأصول التفسير,محمود علي أحمد البعداني,
كتاب مستبعد,الحداثيون والمستشرقون,العلمانيون والقرآن الكريم,أحمد إدريس الطعان,
كتاب مستبعد,الحداثيون والمستشرقون,آراء المستشرقين حول القرآن الكريم وتفسيره: دراسة ونقد,عمر إبراهيم رضوان,
كتاب مستبعد,الحداثيون والمستشرقون,القرآن الكريم في دراسات المستشرقين,مشتاق بشير الغزالي,
كتاب مستبعد,الحداثيون والمستشرقون,المستشرقون والقرآن الكريم,محمد أمين حسن بني عامر,
كتاب مستبعد,الحداثيون والمستشرقون,الاستشراق، تعريفه مدارسه، آثاره,محمد فاروق نبهان,
كتاب مستبعد,الحداثيون والمستشرقون,الاتجاهات المنحرفة في تفسير القرآن الكريم: دوافعها ودفعها,محمد حسين الذهبي,
كتاب مستبعد,الحداثيون والمستشرقون,القرآن الكريم ومناهج تحليل الخطاب,عبد الرزاق هرماس,
كتاب مستبعد,البحث,أصول البحث,عبد الهادي الفضلي,
كتاب مستبعد,البحث,كيف تكتب بحثا أو رسالة,أحمد شلبي,أتيح في التحديث الأخير
كتاب مستبعد,البحث,البحث العلمي منهجه وتقنياته,محمد زيان عمر,أتيح في التحديث الأخير
كتاب مستبعد,البحث,مناهج البحث عند مفكري الإسلام,علي سامي النشار,أتيح في التحديث الأخير
كتاب مستبعد,البحث,مناهج تحقيق التراث بين القدامى والمحدثين,رمضان عبد التواب,أتيح مؤخرًا
كتاب مستبعد,البحث,ضبط النص والتعليق عليه,بشار عواد معروف,أتيح مؤخرًا
كتاب مستبعد,البحث,مصادر الدراسات الإسلامية ونظام المكتبات والمعلومات (ج1),يوسف المرعشلي,
مؤلف مستبعد (كتبه عمومًا),,,صلاح عبد الفتاح الخالدي,
مؤلف مستبعد (كتبه عمومًا),,,محمد الأول أبو بكر,
مؤلف مستبعد (كتبه عمومًا),,,عمر التلمساني,
مؤلف مستبعد (كتبه عمومًا),,,محمد قطب,
مؤلف مستبعد (كتبه عمومًا),,,صلاح أبو إسماعيل,
مؤلف مستبعد (كتبه عمومًا),,,زينب الغزالي,
مؤلف مستبعد (كتبه عمومًا),,,حسين الترابي,
مؤلف مستبعد (كتبه عمومًا),,,مصطفى مشهور,
مؤلف مستبعد (كتبه عمومًا),,,صلاح الصاوي,
مؤلف مستبعد (كتبه عمومًا),,,محمد أحمد الراشد,
مؤلف مستبعد (كتبه عمومًا),,,سفر الحوالي,
مؤلف مستبعد (كتبه عمومًا),,,عبدالعزيز محمد الشناوي,
مؤلف مستبعد (كتبه عمومًا),,,رؤوف شلبي,
مؤلف مستبعد (كتبه عمومًا),,,عبدالمتعال الجبري,
مؤلف مستبعد (كتبه عمومًا),,,روبير جاكسون,
مؤلف مستبعد (كتبه عمومًا),,,أورخان محمد علي,
مؤلف مستبعد (كتبه عمومًا),,,محمد عبدالله السمان,
مؤلف مستبعد (كتبه عمومًا),,,حسن البنا,
مؤلف مستبعد (كتبه عمومًا),,,علي محمد الصلابي,
مؤلف مستبعد (كتبه عمومًا),,,محمد اليماني,
مؤلف مستبعد (كتبه عمومًا),,,جابر رزق الفولي,
مؤلف مستبعد (كتبه عمومًا),,,محمد سعيد القحطاني,
مؤلف مستبعد (كتبه عمومًا),,,أبو الحسن الندوي,
مؤلف مستبعد (كتبه عمومًا),,,محمد الأرناؤوط,
مؤلف مستبعد (كتبه عمومًا),,,محمد جميل مصطفى,
مؤلف مستبعد (كتبه عمومًا),,,أحمد فايز الحمصي,
مؤلف مستبعد (كتبه عمومًا),,,عبدالعزيز شاكر البغدادي,
مؤلف مستبعد (كتبه عمومًا),,,محمد مصطفى مكيون,
مؤلف مستبعد (كتبه عمومًا),,,أوليفييه كاريه,
مؤلف مستبعد (كتبه عمومًا),,,علوي عبدالقادر السقاف,
مؤلف مستبعد (كتبه عمومًا),,,منير محمد الغضبان,
مؤلف مستبعد (كتبه عمومًا),,,راغب السرجاني,
مؤلف مستبعد (كتبه عمومًا),,,يوسف العظم,
مؤلف مستبعد (كتبه عمومًا),,,ابراهيم بن عبد الرحمن البليهي,
مؤلف مستبعد (كتبه عمومًا),,,سيد قطب,
مؤلف مستبعد (كتبه عمومًا),,,أوقاي يوناق أوغلو,
مؤلف مستبعد (كتبه عمومًا),,,وجدي غنيم,
مؤلف مستبعد (كتبه عمومًا),,,يوسف القرضاوي,
مؤلف مستبعد (كتبه عمومًا),,,أبو الأعلى المودودي,
مؤلف مستبعد (كتبه عمومًا),,,سيد محمد السيد محمود,
مؤلف مستبعد (كتبه عمومًا),,,عمر بن سليمان الأشقر,
مؤلف مستبعد (كتبه عمومًا),,,علال الفاسي,
مؤلف مستبعد (كتبه عمومًا),,,راشد الغنوشي,
مؤلف مستبعد (كتبه عمومًا),,,شكيب أرسلان,
مؤلف مستبعد (كتبه عمومًا),,,سلمان العودة,
مؤلف مستبعد (كتبه عمومًا),,,أحمد عبد الرحمن الصويان,
مؤلف مستبعد (كتبه عمومًا),,,أحمد الريسوني,
مؤلف مستبعد (كتبه عمومًا),,,أبي الطيب صديق بخاري,
مؤلف مستبعد (كتبه عمومًا),,,مناع القطان,
مؤلف مستبعد (كتبه عمومًا),,,عبدالكريم زيدان,
مؤلف مستبعد (كتبه عمومًا),,,علي محي الدين القره داغي,
مؤلف مستبعد (كتبه عمومًا),,,عوض القرني,
مؤلف مستبعد (كتبه عمومًا),,,عبدالقادر عودة,
مؤلف مستبعد (كتبه عمومًا),,,محمد نعيم ياسين,
مؤلف مستبعد (كتبه عمومًا),,,عبدالستار فتح الله سعيد,
مؤلف مستبعد (كتبه عمومًا),,,حسن البهنساوي,
مؤلف مستبعد (كتبه عمومًا),,,سعود الفنيسان,
مؤلف مستبعد (كتبه عمومًا),,,محمد الخضيري,
مؤلف مستبعد (كتبه عمومًا),,,يوسف المرعشي,
مؤلف مستبعد (كتبه عمومًا),,,عبدالحميد د. محمد حرب (مذكرات),
مؤلف مستبعد (كتبه عمومًا),,,محمد علي الصابوني,
مؤلف مستبعد (كتبه عمومًا),,,محمد سليم العوا,
مؤلف مستبعد (كتبه عمومًا),,,أحمد إدريس الطعان,
مؤلف مستبعد (كتبه عمومًا),,,د. سيف الله أرباي,
مؤلف مستبعد (كتبه عمومًا),,,عبدالمجيد الزنداني,
مؤلف مستبعد (كتبه عمومًا),,,محمد موسى الشريف,
مؤلف مستبعد (كتبه عمومًا),,,عبدالفتاح أبو غدة,
مؤلف مستبعد (كتبه عمومًا),,,عمر فاروق يلماز,
مؤلف مستبعد (كتبه عمومًا),,,مصطفى السباعي,
مؤلف مستبعد (كتبه عمومًا),,,الصادق الغرياني,
مؤلف مستبعد (كتبه عمومًا),,,محمود مزروعة,
مؤلف مستبعد (كتبه عمومًا),,,ودت سالم,
مؤلف مستبعد (كتبه عمومًا),,,فتح الدين البيانوني,
مؤلف مستبعد (كتبه عمومًا),,,محفوظ عزام,
مؤلف مستبعد (كتبه عمومًا),,,عبدالله الدميجي,
مؤلف مستبعد (كتبه عمومًا),,,آيتاج أوزكان,
مؤلف مستبعد (كتبه عمومًا),,,محمد يسري,
مؤلف مستبعد (كتبه عمومًا),,,جمعة أمين عبدالعزيز,
مؤلف مستبعد (كتبه عمومًا),,,مانع الجهني (الموسوعة الميسرة),
مؤلف مستبعد (كتبه عمومًا),,,حاتم الطحاوي (تاريخ السلطان),
مؤلف مستبعد (كتبه عمومًا),,,سعيد الغامدي,
مؤلف مستبعد (كتبه عمومًا),,,عثمان جمعة,
مؤلف مستبعد (كتبه عمومًا),,,عصام محمد الشحادات (تحقيق الإمبراطورية العثمانية),
مؤلف مستبعد (كتبه عمومًا),,,سامي الدلال,
مؤلف مستبعد (كتبه عمومًا),,,زياد أبو غنيمة,
مؤلف مستبعد (كتبه عمومًا),,,عبدالعزيز عبداللطيف,
مؤلف مستبعد (كتبه عمومًا),,,زين العابدين شمس الدين نجم,
مؤلف مستبعد (كتبه عمومًا),,,عبدالكريم بكار,
مؤلف مستبعد (كتبه عمومًا),,,مالك بن نبي,
مؤلف مستبعد (كتبه عمومًا),,,عبدالعظيم الديب,
مؤلف مستبعد (كتبه عمومًا),,,محمد سعيد أحمد البوطي,
مؤلف مستبعد (كتبه عمومًا),,,علي جريشة,
مؤلف مستبعد (كتبه عمومًا),,,معاذ محمد البيانوني,
مؤلف مستبعد (كتبه عمومًا),,,عبدالمجيد النجار,
مؤلف مستبعد (كتبه عمومًا),,,طارق السويدان,
مؤلف مستبعد (كتبه عمومًا),,,محمد شاكر الشريف,
مؤلف مستبعد (كتبه عمومًا),,,محمد ربيع,
مؤلف مستبعد (كتبه عمومًا),,,أحمد العسال,
مؤلف مستبعد (كتبه عمومًا),,,محمد حامد أبو النصر,
مؤلف مستبعد (كتبه عمومًا),,,فتحي عبدالكريم,
مؤلف مستبعد (كتبه عمومًا),,,سعيد حوى,
مؤلف مستبعد (كتبه عمومًا),,,تحسين باشا,
مؤلف مستبعد (كتبه عمومًا),,,إسحاق أحمد فرحان,
مؤلف مستبعد (كتبه عمومًا),,,عبد الرحمن النحلاوي,
مؤلف مستبعد (كتبه عمومًا),,,المقداد يالجن,
مؤلف مستبعد (كتبه عمومًا),,,د. أنيس عبدالخالق محمود,
مؤلف مستبعد (كتبه عمومًا),,,عدنان محمد زرزور,
مؤلف مستبعد (كتبه عمومًا),,,أحمد رجب الأسمر,
مؤلف مستبعد (كتبه عمومًا),,,عبدالحميد أبو سليمان,
مؤلف مستبعد (كتبه عمومًا),,,محمد علي عبدالله,
مؤلف مستبعد (كتبه عمومًا),,,سيف الدين عبدالفتاح,
مؤلف مستبعد (كتبه عمومًا),,,محمد يوسف موسى,
مؤلف مستبعد (كتبه عمومًا),,,أحمد غلوش,
مؤلف مستبعد (كتبه عمومًا),,,محمد سالم الرشيدي,
مؤلف مستبعد (كتبه عمومًا),,,حسن عبدالظاهر,
مؤلف مستبعد (كتبه عمومًا),,,أمين أحسن إصلاحي,
مؤلف مستبعد (كتبه عمومًا),,,يوسف عبدالمعطي,
مؤلف مستبعد (كتبه عمومًا),,,محمد صفوت مصطفى,
مؤلف مستبعد (كتبه عمومًا),,,أحمد محمد جمال,
مؤلف مستبعد (كتبه عمومًا),,,محمد أبو فارس,
مؤلف مستبعد (كتبه عمومًا),,,عبدالله ناصح علوان,
مؤلف مستبعد (كتبه عمومًا),,,عبدالسلام عبدالعزيز فهمي,
مؤلف مستبعد (كتبه عمومًا),,,علي عبد الحليم محمود,
مؤلف مستبعد (كتبه عمومًا),,,صلاح الدين عرفة محمود,
مؤلف مستبعد (كتبه عمومًا),,,علي الحمادي,
مؤلف مستبعد (كتبه عمومًا),,,سامي حميد الدوري,
مؤلف مستبعد (كتبه عمومًا),,,محمد أحمد علي العدوي,
مؤلف مستبعد (كتبه عمومًا),,,راوية أحمد الظهار,
